url,primary_keywords
https://www.gkelite.com/collections/gk-gym-kids-leotard-collections-gkids,kids gymnastics leotards
https://www.gkelite.com/collections/gk-gym-women-leotards-competitive,women competition leotards
https://www.gkelite.com/collections/gk-gym-womens-leotards-training,women gymnastics training leotards
https://www.gkelite.com/collections/gk-gym-men,men gymnastics apparel
https://www.gkelite.com/collections/gk-gym-kids,kids gymnastics apparel
https://www.gkelite.com/collections/gk-gym-sale,gymnastics leotards sale
https://www.gkelite.com/collections/gym-accessories-training-equipment-grips,gymnastics grips
https://www.gkelite.com/collections/gym-leotards-competition-special-order,custom competition gymnastics leotards
https://www.gkelite.com/collections/gk-gym-women-accessories,women gymnastics accessories
https://www.gkelite.com/collections/gk-gym-bags,gymnastics bags
https://www.gkelite.com/collections/gymnastics-warm-up-jackets,gymnastics warmup jackets
https://www.gkelite.com/collections/gk-gym-warmups-all,gymnastics warmups
https://www.gkelite.com/collections/gk-gym-women-team-usa,Team USA women leotards
https://www.gkelite.com/collections/gym-tops-bras-and-crop-tops,gymnastics sports bras
https://www.gkelite.com/collections/collegiate-collection,collegiate gymnastics leotards
https://www.gkelite.com/collections/gk-replica-apparel,gymnastics replica apparel
https://www.gkelite.com/collections/gym-accessories-foundations-and-undergarments,gymnastics undergarments
https://www.gkelite.com/collections/gk-gym-kids-shorts,kids gymnastics shorts
https://www.gkelite.com/collections/gym-accessories-training-equipment-wristbands,gymnastics wristbands
https://www.gkelite.com/collections/gymnastics-long-sleeve-leotards,long sleeve gymnastics leotards